account_id,customer_id,device_id,ip_id,merchant_id,session_id
0,C_0,,,,
1,C_1,,,,
2,C_2,,,,
3,C_3,,,,
4,C_4,,,,
5,C_5,,,,
6,C_6,,,,
7,C_7,,,,
8,C_8,,,,
9,C_9,,,,
10,C_10,,,,
11,C_11,,,,
12,C_12,,,,
13,C_13,,,,
14,C_14,,,,
15,C_15,,,,
16,C_16,,,,
17,C_17,,,,
18,C_18,,,,
19,C_19,,,,
20,C_20,,,,
21,C_21,,,,
22,C_22,,,,
23,C_23,,,,
24,C_24,,,,
25,C_25,,,,
26,C_26,,,,
27,C_27,,,,
28,C_28,,,,
29,C_29,,,,
30,C_30,,,,
31,C_31,,,,
32,C_32,,,,
33,C_33,,,,
34,C_34,,,,
35,C_35,,,,
36,C_36,,,,
37,C_37,,,,
38,C_38,,,,
39,C_39,,,,
40,C_40,,,,
41,C_41,,,,
42,C_42,,,,
43,C_43,,,,
44,C_44,,,,
45,C_45,,,,
46,C_46,,,,
47,C_47,,,,
48,C_48,,,,
49,C_49,,,,
50,C_50,,,,
51,C_51,,,,
52,C_52,,,,
53,C_53,,,,
54,C_54,,,,
55,C_55,,,,
56,C_56,,,,
57,C_57,,,,
58,C_58,,,,
59,C_59,,,,
60,C_60,,,,
61,C_61,,,,
62,C_62,,,,
63,C_63,,,,
64,C_64,,,,
65,C_65,,,,
66,C_66,,,,
67,C_67,,,,
68,C_68,,,,
69,C_69,,,,
70,C_70,,,,
71,C_71,,,,
72,C_72,,,,
73,C_73,,,,
74,C_74,,,,
75,C_75,,,,
76,C_76,,,,
77,C_77,,,,
78,C_78,,,,
79,C_79,,,,
80,C_80,,,,
81,C_81,,,,
82,C_82,,,,
83,C_83,,,,
84,C_84,,,,
85,C_85,,,,
86,C_86,,,,
87,C_87,,,,
88,C_88,,,,
89,C_89,,,,
90,C_90,,,,
91,C_91,,,,
92,C_92,,,,
93,C_93,,,,
94,C_94,,,,
95,C_95,,,,
96,C_96,,,,
97,C_97,,,,
98,C_98,,,,
99,C_99,,,,
100,C_100,,,,
101,C_101,,,,
102,C_102,,,,
103,C_103,,,,
104,C_104,,,,
105,C_105,,,,
106,C_106,,,,
107,C_107,,,,
108,C_108,,,,
109,C_109,,,,
110,C_110,,,,
111,C_111,,,,
112,C_112,,,,
113,C_113,,,,
114,C_114,,,,
115,C_115,,,,
116,C_116,,,,
117,C_117,,,,
118,C_118,,,,
119,C_119,,,,
120,C_120,,,,
121,C_121,,,,
122,C_122,,,,
123,C_123,,,,
124,C_124,,,,
125,C_125,,,,
126,C_126,,,,
127,C_127,,,,
128,C_128,,,,
129,C_129,,,,
130,C_130,,,,
131,C_131,,,,
132,C_132,,,,
133,C_133,,,,
134,C_134,,,,
135,C_135,,,,
136,C_136,,,,
137,C_137,,,,
138,C_138,,,,
139,C_139,,,,
140,C_140,,,,
141,C_141,,,,
142,C_142,,,,
143,C_143,,,,
144,C_144,,,,
145,C_145,,,,
146,C_146,,,,
147,C_147,,,,
148,C_148,,,,
149,C_149,,,,
150,C_150,,,,
151,C_151,,,,
152,C_152,,,,
153,C_153,,,,
154,C_154,,,,
155,C_155,,,,
156,C_156,,,,
157,C_157,,,,
158,C_158,,,,
159,C_159,,,,
160,C_160,,,,
161,C_161,,,,
162,C_162,,,,
163,C_163,,,,
164,C_164,,,,
165,C_165,,,,
166,C_166,,,,
167,C_167,,,,
168,C_168,,,,
169,C_169,,,,
170,C_170,,,,
171,C_171,,,,
172,C_172,,,,
173,C_173,,,,
174,C_174,,,,
175,C_175,,,,
176,C_176,,,,
177,C_177,,,,
178,C_178,,,,
179,C_179,,,,
180,C_180,,,,
181,C_181,,,,
182,C_182,,,,
183,C_183,,,,
184,C_184,,,,
185,C_185,,,,
186,C_186,,,,
187,C_187,,,,
188,C_188,,,,
189,C_189,,,,
190,C_190,,,,
191,C_191,,,,
192,C_192,,,,
193,C_193,,,,
194,C_194,,,,
195,C_195,,,,
196,C_196,,,,
197,C_197,,,,
198,C_198,,,,
199,C_199,,,,
200,C_200,,,,
201,C_201,,,,
202,C_202,,,,
203,C_203,,,,
204,C_204,,,,
205,C_205,,,,
206,C_206,,,,
207,C_207,,,,
208,C_208,,,,
209,C_209,,,,
210,C_210,,,,
211,C_211,,,,
212,C_212,,,,
213,C_213,,,,
214,C_214,,,,
215,C_215,,,,
216,C_216,,,,
217,C_217,,,,
218,C_218,,,,
219,C_219,,,,
220,C_220,,,,
221,C_221,,,,
222,C_222,,,,
223,C_223,,,,
224,C_224,,,,
225,C_225,,,,
226,C_226,,,,
227,C_227,,,,
228,C_228,,,,
229,C_229,,,,
230,C_230,,,,
231,C_231,,,,
232,C_232,,,,
233,C_233,,,,
234,C_234,,,,
235,C_235,,,,
236,C_236,,,,
237,C_237,,,,
238,C_238,,,,
239,C_239,,,,
240,C_240,,,,
241,C_241,,,,
242,C_242,,,,
243,C_243,,,,
244,C_244,,,,
245,C_245,,,,
246,C_246,,,,
247,C_247,,,,
248,C_248,,,,
249,C_249,,,,
250,C_250,,,,
251,C_251,,,,
252,C_252,,,,
253,C_253,,,,
254,C_254,,,,
255,C_255,,,,
256,C_256,,,,
257,C_257,,,,
258,C_258,,,,
259,C_259,,,,
260,C_260,,,,
261,C_261,,,,
262,C_262,,,,
263,C_263,,,,
264,C_264,,,,
265,C_265,,,,
266,C_266,,,,
267,C_267,,,,
268,C_268,,,,
269,C_269,,,,
270,C_270,,,,
271,C_271,,,,
272,C_272,,,,
273,C_273,,,,
274,C_274,,,,
275,C_275,,,,
276,C_276,,,,
277,C_277,,,,
278,C_278,,,,
279,C_279,,,,
280,C_280,,,,
281,C_281,,,,
282,C_282,,,,
283,C_283,,,,
284,C_284,,,,
285,C_285,,,,
286,C_286,,,,
287,C_287,,,,
288,C_288,,,,
289,C_289,,,,
290,C_290,,,,
291,C_291,,,,
292,C_292,,,,
293,C_293,,,,
294,C_294,,,,
295,C_295,,,,
296,C_296,,,,
297,C_297,,,,
298,C_298,,,,
299,C_299,,,,
300,C_300,,,,
301,C_301,,,,
302,C_302,,,,
303,C_303,,,,
304,C_304,,,,
305,C_305,,,,
306,C_306,,,,
307,C_307,,,,
308,C_308,,,,
309,C_309,,,,
310,C_310,,,,
311,C_311,,,,
312,C_312,,,,
313,C_313,,,,
314,C_314,,,,
315,C_315,,,,
316,C_316,,,,
317,C_317,,,,
318,C_318,,,,
319,C_319,,,,
320,C_320,,,,
321,C_321,,,,
322,C_322,,,,
323,C_323,,,,
324,C_324,,,,
325,C_325,,,,
326,C_326,,,,
327,C_327,,,,
328,C_328,,,,
329,C_329,,,,
330,C_330,,,,
331,C_331,,,,
332,C_332,,,,
333,C_333,,,,
334,C_334,,,,
335,C_335,,,,
336,C_336,,,,
337,C_337,,,,
338,C_338,,,,
339,C_339,,,,
340,C_340,,,,
341,C_341,,,,
342,C_342,,,,
343,C_343,,,,
344,C_344,,,,
345,C_345,,,,
346,C_346,,,,
347,C_347,,,,
348,C_348,,,,
349,C_349,,,,
350,C_350,,,,
351,C_351,,,,
352,C_352,,,,
353,C_353,,,,
354,C_354,,,,
355,C_355,,,,
356,C_356,,,,
357,C_357,,,,
358,C_358,,,,
359,C_359,,,,
360,C_360,,,,
361,C_361,,,,
362,C_362,,,,
363,C_363,,,,
364,C_364,,,,
365,C_365,,,,
366,C_366,,,,
367,C_367,,,,
368,C_368,,,,
369,C_369,,,,
370,C_370,,,,
371,C_371,,,,
372,C_372,,,,
373,C_373,,,,
374,C_374,,,,
375,C_375,,,,
376,C_376,,,,
377,C_377,,,,
378,C_378,,,,
379,C_379,,,,
380,C_380,,,,
381,C_381,,,,
382,C_382,,,,
383,C_383,,,,
384,C_384,,,,
385,C_385,,,,
386,C_386,,,,
387,C_387,,,,
388,C_388,,,,
389,C_389,,,,
390,C_390,,,,
391,C_391,,,,
392,C_392,,,,
393,C_393,,,,
394,C_394,,,,
395,C_395,,,,
396,C_396,,,,
397,C_397,,,,
398,C_398,,,,
399,C_399,,,,
400,C_400,,,,
401,C_401,,,,
402,C_402,,,,
403,C_403,,,,
404,C_404,,,,
405,C_405,,,,
406,C_406,,,,
407,C_407,,,,
408,C_408,,,,
409,C_409,,,,
410,C_410,,,,
411,C_411,,,,
412,C_412,,,,
413,C_413,,,,
414,C_414,,,,
415,C_415,,,,
416,C_416,,,,
417,C_417,,,,
418,C_418,,,,
419,C_419,,,,
420,C_420,,,,
421,C_421,,,,
422,C_422,,,,
423,C_423,,,,
424,C_424,,,,
425,C_425,,,,
426,C_426,,,,
427,C_427,,,,
428,C_428,,,,
429,C_429,,,,
430,C_430,,,,
431,C_431,,,,
432,C_432,,,,
433,C_433,,,,
434,C_434,,,,
435,C_435,,,,
436,C_436,,,,
437,C_437,,,,
438,C_438,,,,
439,C_439,,,,
440,C_440,,,,
441,C_441,,,,
442,C_442,,,,
443,C_443,,,,
444,C_444,,,,
445,C_445,,,,
446,C_446,,,,
447,C_447,,,,
448,C_448,,,,
449,C_449,,,,
450,C_450,,,,
451,C_451,,,,
452,C_452,,,,
453,C_453,,,,
454,C_454,,,,
455,C_455,,,,
456,C_456,,,,
457,C_457,,,,
458,C_458,,,,
459,C_459,,,,
460,C_460,,,,
461,C_461,,,,
462,C_462,,,,
463,C_463,,,,
464,C_464,,,,
465,C_465,,,,
466,C_466,,,,
467,C_467,,,,
468,C_468,,,,
469,C_469,,,,
470,C_470,,,,
471,C_471,,,,
472,C_472,,,,
473,C_473,,,,
474,C_474,,,,
475,C_475,,,,
476,C_476,,,,
477,C_477,,,,
478,C_478,,,,
479,C_479,,,,
480,C_480,,,,
481,C_481,,,,
482,C_482,,,,
483,C_483,,,,
484,C_484,,,,
485,C_485,,,,
486,C_486,,,,
487,C_487,,,,
488,C_488,,,,
489,C_489,,,,
490,C_490,,,,
491,C_491,,,,
492,C_492,,,,
493,C_493,,,,
494,C_494,,,,
495,C_495,,,,
496,C_496,,,,
497,C_497,,,,
498,C_498,,,,
499,C_499,,,,
500,C_500,,,,
501,C_501,,,,
502,C_502,,,,
503,C_503,,,,
504,C_504,,,,
505,C_505,,,,
506,C_506,,,,
507,C_507,,,,
508,C_508,,,,
509,C_509,,,,
510,C_510,,,,
511,C_511,,,,
512,C_512,,,,
513,C_513,,,,
514,C_514,,,,
515,C_515,,,,
516,C_516,,,,
517,C_517,,,,
518,C_518,,,,
519,C_519,,,,
520,C_520,,,,
521,C_521,,,,
522,C_522,,,,
523,C_523,,,,
524,C_524,,,,
525,C_525,,,,
526,C_526,,,,
527,C_527,,,,
528,C_528,,,,
529,C_529,,,,
530,C_530,,,,
531,C_531,,,,
532,C_532,,,,
533,C_533,,,,
534,C_534,,,,
535,C_535,,,,
536,C_536,,,,
537,C_537,,,,
538,C_538,,,,
539,C_539,,,,
540,C_540,,,,
541,C_541,,,,
542,C_542,,,,
543,C_543,,,,
544,C_544,,,,
545,C_545,,,,
546,C_546,,,,
547,C_547,,,,
548,C_548,,,,
549,C_549,,,,
550,C_550,,,,
551,C_551,,,,
552,C_552,,,,
553,C_553,,,,
554,C_554,,,,
555,C_555,,,,
556,C_556,,,,
557,C_557,,,,
558,C_558,,,,
559,C_559,,,,
560,C_560,,,,
561,C_561,,,,
562,C_562,,,,
563,C_563,,,,
564,C_564,,,,
565,C_565,,,,
566,C_566,,,,
567,C_567,,,,
568,C_568,,,,
569,C_569,,,,
570,C_570,,,,
571,C_571,,,,
572,C_572,,,,
573,C_573,,,,
574,C_574,,,,
575,C_575,,,,
576,C_576,,,,
577,C_577,,,,
578,C_578,,,,
579,C_579,,,,
580,C_580,,,,
581,C_581,,,,
582,C_582,,,,
583,C_583,,,,
584,C_584,,,,
585,C_585,,,,
586,C_586,,,,
587,C_587,,,,
588,C_588,,,,
589,C_589,,,,
590,C_590,,,,
591,C_591,,,,
592,C_592,,,,
593,C_593,,,,
594,C_594,,,,
595,C_595,,,,
596,C_596,,,,
597,C_597,,,,
598,C_598,,,,
599,C_599,,,,
600,C_600,,,,
601,C_601,,,,
602,C_602,,,,
603,C_603,,,,
604,C_604,,,,
605,C_605,,,,
606,C_606,,,,
607,C_607,,,,
608,C_608,,,,
609,C_609,,,,
610,C_610,,,,
611,C_611,,,,
612,C_612,,,,
613,C_613,,,,
614,C_614,,,,
615,C_615,,,,
616,C_616,,,,
617,C_617,,,,
618,C_618,,,,
619,C_619,,,,
620,C_620,,,,
621,C_621,,,,
622,C_622,,,,
623,C_623,,,,
624,C_624,,,,
625,C_625,,,,
626,C_626,,,,
627,C_627,,,,
628,C_628,,,,
629,C_629,,,,
630,C_630,,,,
631,C_631,,,,
632,C_632,,,,
633,C_633,,,,
634,C_634,,,,
635,C_635,,,,
636,C_636,,,,
637,C_637,,,,
638,C_638,,,,
639,C_639,,,,
640,C_640,,,,
641,C_641,,,,
642,C_642,,,,
643,C_643,,,,
644,C_644,,,,
645,C_645,,,,
646,C_646,,,,
647,C_647,,,,
648,C_648,,,,
649,C_649,,,,
650,C_650,,,,
651,C_651,,,,
652,C_652,,,,
653,C_653,,,,
654,C_654,,,,
655,C_655,,,,
656,C_656,,,,
657,C_657,,,,
658,C_658,,,,
659,C_659,,,,
660,C_660,,,,
661,C_661,,,,
662,C_662,,,,
663,C_663,,,,
664,C_664,,,,
665,C_665,,,,
666,C_666,,,,
667,C_667,,,,
668,C_668,,,,
669,C_669,,,,
670,C_670,,,,
671,C_671,,,,
672,C_672,,,,
673,C_673,,,,
674,C_674,,,,
675,C_675,,,,
676,C_676,,,,
677,C_677,,,,
678,C_678,,,,
679,C_679,,,,
680,C_680,,,,
681,C_681,,,,
682,C_682,,,,
683,C_683,,,,
684,C_684,,,,
685,C_685,,,,
686,C_686,,,,
687,C_687,,,,
688,C_688,,,,
689,C_689,,,,
690,C_690,,,,
691,C_691,,,,
692,C_692,,,,
693,C_693,,,,
694,C_694,,,,
695,C_695,,,,
696,C_696,,,,
697,C_697,,,,
698,C_698,,,,
699,C_699,,,,
700,C_700,,,,
701,C_701,,,,
702,C_702,,,,
703,C_703,,,,
704,C_704,,,,
705,C_705,,,,
706,C_706,,,,
707,C_707,,,,
708,C_708,,,,
709,C_709,,,,
710,C_710,,,,
711,C_711,,,,
712,C_712,,,,
713,C_713,,,,
714,C_714,,,,
715,C_715,,,,
716,C_716,,,,
717,C_717,,,,
718,C_718,,,,
719,C_719,,,,
720,C_720,,,,
721,C_721,,,,
722,C_722,,,,
723,C_723,,,,
724,C_724,,,,
725,C_725,,,,
726,C_726,,,,
727,C_727,,,,
728,C_728,,,,
729,C_729,,,,
730,C_730,,,,
731,C_731,,,,
732,C_732,,,,
733,C_733,,,,
734,C_734,,,,
735,C_735,,,,
736,C_736,,,,
737,C_737,,,,
738,C_738,,,,
739,C_739,,,,
740,C_740,,,,
741,C_741,,,,
742,C_742,,,,
743,C_743,,,,
744,C_744,,,,
745,C_745,,,,
746,C_746,,,,
747,C_747,,,,
748,C_748,,,,
749,C_749,,,,
750,C_750,,,,
751,C_751,,,,
752,C_752,,,,
753,C_753,,,,
754,C_754,,,,
755,C_755,,,,
756,C_756,,,,
757,C_757,,,,
758,C_758,,,,
759,C_759,,,,
760,C_760,,,,
761,C_761,,,,
762,C_762,,,,
763,C_763,,,,
764,C_764,,,,
765,C_765,,,,
766,C_766,,,,
767,C_767,,,,
768,C_768,,,,
769,C_769,,,,
770,C_770,,,,
771,C_771,,,,
772,C_772,,,,
773,C_773,,,,
774,C_774,,,,
775,C_775,,,,
776,C_776,,,,
777,C_777,,,,
778,C_778,,,,
779,C_779,,,,
780,C_780,,,,
781,C_781,,,,
782,C_782,,,,
783,C_783,,,,
784,C_784,,,,
785,C_785,,,,
786,C_786,,,,
787,C_787,,,,
788,C_788,,,,
789,C_789,,,,
790,C_790,,,,
791,C_791,,,,
792,C_792,,,,
793,C_793,,,,
794,C_794,,,,
795,C_795,,,,
796,C_796,,,,
797,C_797,,,,
798,C_798,,,,
799,C_799,,,,
800,C_800,,,,
801,C_801,,,,
802,C_802,,,,
803,C_803,,,,
804,C_804,,,,
805,C_805,,,,
806,C_806,,,,
807,C_807,,,,
808,C_808,,,,
809,C_809,,,,
810,C_810,,,,
811,C_811,,,,
812,C_812,,,,
813,C_813,,,,
814,C_814,,,,
815,C_815,,,,
816,C_816,,,,
817,C_817,,,,
818,C_818,,,,
819,C_819,,,,
820,C_820,,,,
821,C_821,,,,
822,C_822,,,,
823,C_823,,,,
824,C_824,,,,
825,C_825,,,,
826,C_826,,,,
827,C_827,,,,
828,C_828,,,,
829,C_829,,,,
830,C_830,,,,
831,C_831,,,,
832,C_832,,,,
833,C_833,,,,
834,C_834,,,,
835,C_835,,,,
836,C_836,,,,
837,C_837,,,,
838,C_838,,,,
839,C_839,,,,
840,C_840,,,,
841,C_841,,,,
842,C_842,,,,
843,C_843,,,,
844,C_844,,,,
845,C_845,,,,
846,C_846,,,,
847,C_847,,,,
848,C_848,,,,
849,C_849,,,,
850,C_850,,,,
851,C_851,,,,
852,C_852,,,,
853,C_853,,,,
854,C_854,,,,
855,C_855,,,,
856,C_856,,,,
857,C_857,,,,
858,C_858,,,,
859,C_859,,,,
860,C_860,,,,
861,C_861,,,,
862,C_862,,,,
863,C_863,,,,
864,C_864,,,,
865,C_865,,,,
866,C_866,,,,
867,C_867,,,,
868,C_868,,,,
869,C_869,,,,
870,C_870,,,,
871,C_871,,,,
872,C_872,,,,
873,C_873,,,,
874,C_874,,,,
875,C_875,,,,
876,C_876,,,,
877,C_877,,,,
878,C_878,,,,
879,C_879,,,,
880,C_880,,,,
881,C_881,,,,
882,C_882,,,,
883,C_883,,,,
884,C_884,,,,
885,C_885,,,,
886,C_886,,,,
887,C_887,,,,
888,C_888,,,,
889,C_889,,,,
890,C_890,,,,
891,C_891,,,,
892,C_892,,,,
893,C_893,,,,
894,C_894,,,,
895,C_895,,,,
896,C_896,,,,
897,C_897,,,,
898,C_898,,,,
899,C_899,,,,
900,C_900,,,,
901,C_901,,,,
902,C_902,,,,
903,C_903,,,,
904,C_904,,,,
905,C_905,,,,
906,C_906,,,,
907,C_907,,,,
908,C_908,,,,
909,C_909,,,,
910,C_910,,,,
911,C_911,,,,
912,C_912,,,,
913,C_913,,,,
914,C_914,,,,
915,C_915,,,,
916,C_916,,,,
917,C_917,,,,
918,C_918,,,,
919,C_919,,,,
920,C_920,,,,
921,C_921,,,,
922,C_922,,,,
923,C_923,,,,
924,C_924,,,,
925,C_925,,,,
926,C_926,,,,
927,C_927,,,,
928,C_928,,,,
929,C_929,,,,
930,C_930,,,,
931,C_931,,,,
932,C_932,,,,
933,C_933,,,,
934,C_934,,,,
935,C_935,,,,
936,C_936,,,,
937,C_937,,,,
938,C_938,,,,
939,C_939,,,,
940,C_940,,,,
941,C_941,,,,
942,C_942,,,,
943,C_943,,,,
944,C_944,,,,
945,C_945,,,,
946,C_946,,,,
947,C_947,,,,
948,C_948,,,,
949,C_949,,,,
950,C_950,,,,
951,C_951,,,,
952,C_952,,,,
953,C_953,,,,
954,C_954,,,,
955,C_955,,,,
956,C_956,,,,
957,C_957,,,,
958,C_958,,,,
959,C_959,,,,
960,C_960,,,,
961,C_961,,,,
962,C_962,,,,
963,C_963,,,,
964,C_964,,,,
965,C_965,,,,
966,C_966,,,,
967,C_967,,,,
968,C_968,,,,
969,C_969,,,,
970,C_970,,,,
971,C_971,,,,
972,C_972,,,,
973,C_973,,,,
974,C_974,,,,
975,C_975,,,,
976,C_976,,,,
977,C_977,,,,
978,C_978,,,,
979,C_979,,,,
980,C_980,,,,
981,C_981,,,,
982,C_982,,,,
983,C_983,,,,
984,C_984,,,,
985,C_985,,,,
986,C_986,,,,
987,C_987,,,,
988,C_988,,,,
989,C_989,,,,
990,C_990,,,,
991,C_991,,,,
992,C_992,,,,
993,C_993,,,,
994,C_994,,,,
995,C_995,,,,
996,C_996,,,,
997,C_997,,,,
998,C_998,,,,
999,C_999,,,,
1000,C_1000,,,,
1001,C_1001,,,,
1002,C_1002,,,,
1003,C_1003,,,,
1004,C_1004,,,,
1005,C_1005,,,,
1006,C_1006,,,,
1007,C_1007,,,,
1008,C_1008,,,,
1009,C_1009,,,,
1010,C_1010,,,,
1011,C_1011,,,,
1012,C_1012,,,,
1013,C_1013,,,,
1014,C_1014,,,,
1015,C_1015,,,,
1016,C_1016,,,,
1017,C_1017,,,,
1018,C_1018,,,,
1019,C_1019,,,,
1020,C_1020,,,,
1021,C_1021,,,,
1022,C_1022,,,,
1023,C_1023,,,,
1024,C_1024,,,,
1025,C_1025,,,,
1026,C_1026,,,,
1027,C_1027,,,,
1028,C_1028,,,,
1029,C_1029,,,,
1030,C_1030,,,,
1031,C_1031,,,,
1032,C_1032,,,,
1033,C_1033,,,,
1034,C_1034,,,,
1035,C_1035,,,,
1036,C_1036,,,,
1037,C_1037,,,,
1038,C_1038,,,,
1039,C_1039,,,,
1040,C_1040,,,,
1041,C_1041,,,,
1042,C_1042,,,,
1043,C_1043,,,,
1044,C_1044,,,,
1045,C_1045,,,,
1046,C_1046,,,,
1047,C_1047,,,,
1048,C_1048,,,,
1049,C_1049,,,,
1050,C_1050,,,,
1051,C_1051,,,,
1052,C_1052,,,,
1053,C_1053,,,,
1054,C_1054,,,,
1055,C_1055,,,,
1056,C_1056,,,,
1057,C_1057,,,,
1058,C_1058,,,,
1059,C_1059,,,,
1060,C_1060,,,,
1061,C_1061,,,,
1062,C_1062,,,,
1063,C_1063,,,,
1064,C_1064,,,,
1065,C_1065,,,,
1066,C_1066,,,,
1067,C_1067,,,,
1068,C_1068,,,,
1069,C_1069,,,,
1070,C_1070,,,,
1071,C_1071,,,,
1072,C_1072,,,,
1073,C_1073,,,,
1074,C_1074,,,,
1075,C_1075,,,,
1076,C_1076,,,,
1077,C_1077,,,,
1078,C_1078,,,,
1079,C_1079,,,,
1080,C_1080,,,,
1081,C_1081,,,,
1082,C_1082,,,,
1083,C_1083,,,,
1084,C_1084,,,,
1085,C_1085,,,,
1086,C_1086,,,,
1087,C_1087,,,,
1088,C_1088,,,,
1089,C_1089,,,,
1090,C_1090,,,,
1091,C_1091,,,,
1092,C_1092,,,,
1093,C_1093,,,,
1094,C_1094,,,,
1095,C_1095,,,,
1096,C_1096,,,,
1097,C_1097,,,,
1098,C_1098,,,,
1099,C_1099,,,,
1100,C_1100,,,,
1101,C_1101,,,,
1102,C_1102,,,,
1103,C_1103,,,,
1104,C_1104,,,,
1105,C_1105,,,,
1106,C_1106,,,,
1107,C_1107,,,,
1108,C_1108,,,,
1109,C_1109,,,,
1110,C_1110,,,,
1111,C_1111,,,,
1112,C_1112,,,,
1113,C_1113,,,,
1114,C_1114,,,,
1115,C_1115,,,,
1116,C_1116,,,,
1117,C_1117,,,,
1118,C_1118,,,,
1119,C_1119,,,,
1120,C_1120,,,,
1121,C_1121,,,,
1122,C_1122,,,,
1123,C_1123,,,,
1124,C_1124,,,,
1125,C_1125,,,,
1126,C_1126,,,,
1127,C_1127,,,,
1128,C_1128,,,,
1129,C_1129,,,,
1130,C_1130,,,,
1131,C_1131,,,,
1132,C_1132,,,,
1133,C_1133,,,,
1134,C_1134,,,,
1135,C_1135,,,,
1136,C_1136,,,,
1137,C_1137,,,,
1138,C_1138,,,,
1139,C_1139,,,,
1140,C_1140,,,,
1141,C_1141,,,,
1142,C_1142,,,,
1143,C_1143,,,,
1144,C_1144,,,,
1145,C_1145,,,,
1146,C_1146,,,,
1147,C_1147,,,,
1148,C_1148,,,,
1149,C_1149,,,,
1150,C_1150,,,,
1151,C_1151,,,,
1152,C_1152,,,,
1153,C_1153,,,,
1154,C_1154,,,,
1155,C_1155,,,,
1156,C_1156,,,,
1157,C_1157,,,,
1158,C_1158,,,,
1159,C_1159,,,,
1160,C_1160,,,,
1161,C_1161,,,,
1162,C_1162,,,,
1163,C_1163,,,,
1164,C_1164,,,,
1165,C_1165,,,,
1166,C_1166,,,,
1167,C_1167,,,,
1168,C_1168,,,,
1169,C_1169,,,,
1170,C_1170,,,,
1171,C_1171,,,,
1172,C_1172,,,,
1173,C_1173,,,,
1174,C_1174,,,,
1175,C_1175,,,,
1176,C_1176,,,,
1177,C_1177,,,,
1178,C_1178,,,,
1179,C_1179,,,,
1180,C_1180,,,,
1181,C_1181,,,,
1182,C_1182,,,,
1183,C_1183,,,,
1184,C_1184,,,,
1185,C_1185,,,,
1186,C_1186,,,,
1187,C_1187,,,,
1188,C_1188,,,,
1189,C_1189,,,,
1190,C_1190,,,,
1191,C_1191,,,,
1192,C_1192,,,,
1193,C_1193,,,,
1194,C_1194,,,,
1195,C_1195,,,,
1196,C_1196,,,,
1197,C_1197,,,,
1198,C_1198,,,,
1199,C_1199,,,,
1200,C_1200,,,,
1201,C_1201,,,,
1202,C_1202,,,,
1203,C_1203,,,,
1204,C_1204,,,,
1205,C_1205,,,,
1206,C_1206,,,,
1207,C_1207,,,,
1208,C_1208,,,,
1209,C_1209,,,,
1210,C_1210,,,,
1211,C_1211,,,,
1212,C_1212,,,,
1213,C_1213,,,,
1214,C_1214,,,,
1215,C_1215,,,,
1216,C_1216,,,,
1217,C_1217,,,,
1218,C_1218,,,,
1219,C_1219,,,,
1220,C_1220,,,,
1221,C_1221,,,,
1222,C_1222,,,,
1223,C_1223,,,,
1224,C_1224,,,,
1225,C_1225,,,,
1226,C_1226,,,,
1227,C_1227,,,,
1228,C_1228,,,,
1229,C_1229,,,,
1230,C_1230,,,,
1231,C_1231,,,,
1232,C_1232,,,,
1233,C_1233,,,,
1234,C_1234,,,,
1235,C_1235,,,,
1236,C_1236,,,,
1237,C_1237,,,,
1238,C_1238,,,,
1239,C_1239,,,,
1240,C_1240,,,,
1241,C_1241,,,,
1242,C_1242,,,,
1243,C_1243,,,,
1244,C_1244,,,,
1245,C_1245,,,,
1246,C_1246,,,,
1247,C_1247,,,,
1248,C_1248,,,,
1249,C_1249,,,,
1250,C_1250,,,,
1251,C_1251,,,,
1252,C_1252,,,,
1253,C_1253,,,,
1254,C_1254,,,,
1255,C_1255,,,,
1256,C_1256,,,,
1257,C_1257,,,,
1258,C_1258,,,,
1259,C_1259,,,,
1260,C_1260,,,,
1261,C_1261,,,,
1262,C_1262,,,,
1263,C_1263,,,,
1264,C_1264,,,,
1265,C_1265,,,,
1266,C_1266,,,,
1267,C_1267,,,,
1268,C_1268,,,,
1269,C_1269,,,,
1270,C_1270,,,,
1271,C_1271,,,,
1272,C_1272,,,,
1273,C_1273,,,,
1274,C_1274,,,,
1275,C_1275,,,,
1276,C_1276,,,,
1277,C_1277,,,,
1278,C_1278,,,,
1279,C_1279,,,,
1280,C_1280,,,,
1281,C_1281,,,,
1282,C_1282,,,,
1283,C_1283,,,,
1284,C_1284,,,,
1285,C_1285,,,,
1286,C_1286,,,,
1287,C_1287,,,,
1288,C_1288,,,,
1289,C_1289,,,,
1290,C_1290,,,,
1291,C_1291,,,,
1292,C_1292,,,,
1293,C_1293,,,,
1294,C_1294,,,,
1295,C_1295,,,,
1296,C_1296,,,,
1297,C_1297,,,,
1298,C_1298,,,,
1299,C_1299,,,,
1300,C_1300,,,,
1301,C_1301,,,,
1302,C_1302,,,,
1303,C_1303,,,,
1304,C_1304,,,,
1305,C_1305,,,,
1306,C_1306,,,,
1307,C_1307,,,,
1308,C_1308,,,,
1309,C_1309,,,,
1310,C_1310,,,,
1311,C_1311,,,,
1312,C_1312,,,,
1313,C_1313,,,,
1314,C_1314,,,,
1315,C_1315,,,,
1316,C_1316,,,,
1317,C_1317,,,,
1318,C_1318,,,,
1319,C_1319,,,,
1320,C_1320,,,,
1321,C_1321,,,,
1322,C_1322,,,,
1323,C_1323,,,,
1324,C_1324,,,,
1325,C_1325,,,,
1326,C_1326,,,,
1327,C_1327,,,,
1328,C_1328,,,,
1329,C_1329,,,,
1330,C_1330,,,,
1331,C_1331,,,,
1332,C_1332,,,,
1333,C_1333,,,,
1334,C_1334,,,,
1335,C_1335,,,,
1336,C_1336,,,,
1337,C_1337,,,,
1338,C_1338,,,,
1339,C_1339,,,,
1340,C_1340,,,,
1341,C_1341,,,,
1342,C_1342,,,,
1343,C_1343,,,,
1344,C_1344,,,,
1345,C_1345,,,,
1346,C_1346,,,,
1347,C_1347,,,,
1348,C_1348,,,,
1349,C_1349,,,,
1350,C_1350,,,,
1351,C_1351,,,,
1352,C_1352,,,,
1353,C_1353,,,,
1354,C_1354,,,,
1355,C_1355,,,,
1356,C_1356,,,,
1357,C_1357,,,,
1358,C_1358,,,,
1359,C_1359,,,,
1360,C_1360,,,,
1361,C_1361,,,,
1362,C_1362,,,,
1363,C_1363,,,,
1364,C_1364,,,,
1365,C_1365,,,,
1366,C_1366,,,,
1367,C_1367,,,,
1368,C_1368,,,,
1369,C_1369,,,,
1370,C_1370,,,,
1371,C_1371,,,,
1372,C_1372,,,,
1373,C_1373,,,,
1374,C_1374,,,,
1375,C_1375,,,,
1376,C_1376,,,,
1377,C_1377,,,,
1378,C_1378,,,,
1379,C_1379,,,,
1380,C_1380,,,,
1381,C_1381,,,,
1382,C_1382,,,,
1383,C_1383,,,,
1384,C_1384,,,,
1385,C_1385,,,,
1386,C_1386,,,,
1387,C_1387,,,,
1388,C_1388,,,,
1389,C_1389,,,,
1390,C_1390,,,,
1391,C_1391,,,,
1392,C_1392,,,,
1393,C_1393,,,,
1394,C_1394,,,,
1395,C_1395,,,,
1396,C_1396,,,,
1397,C_1397,,,,
1398,C_1398,,,,
1399,C_1399,,,,
1400,C_1400,,,,
1401,C_1401,,,,
1402,C_1402,,,,
1403,C_1403,,,,
1404,C_1404,,,,
1405,C_1405,,,,
1406,C_1406,,,,
1407,C_1407,,,,
1408,C_1408,,,,
1409,C_1409,,,,
1410,C_1410,,,,
1411,C_1411,,,,
1412,C_1412,,,,
1413,C_1413,,,,
1414,C_1414,,,,
1415,C_1415,,,,
1416,C_1416,,,,
1417,C_1417,,,,
1418,C_1418,,,,
1419,C_1419,,,,
1420,C_1420,,,,
1421,C_1421,,,,
1422,C_1422,,,,
1423,C_1423,,,,
1424,C_1424,,,,
1425,C_1425,,,,
1426,C_1426,,,,
1427,C_1427,,,,
1428,C_1428,,,,
1429,C_1429,,,,
1430,C_1430,,,,
1431,C_1431,,,,
1432,C_1432,,,,
1433,C_1433,,,,
1434,C_1434,,,,
1435,C_1435,,,,
1436,C_1436,,,,
1437,C_1437,,,,
1438,C_1438,,,,
1439,C_1439,,,,
1440,C_1440,,,,
1441,C_1441,,,,
1442,C_1442,,,,
1443,C_1443,,,,
1444,C_1444,,,,
1445,C_1445,,,,
